keyword,volume,difficulty,cpc_jpy,status,added_at,published_url
木材価格 2026年の動向,0,,,used,2026-07-10,https://greeen-biz.com/wood-price-trends-2026/
製材工場 サイト制作,0,,,used,2026-07-09,https://greeen-biz.com/sawmill-website-creation-point/
工務店 集客,1100,0,45,used,2026-07-09,https://greeen-biz.com/komuten-shukyaku/
ホームページ 集客,3900,0,10,used,2026-07-09,https://greeen-biz.com/homepage-attract-customers-lumber/
工務店 web集客,500,0,450,unused,2026-07-09,
工務店 ホームページ制作,900,0,300,unused,2026-07-09,
工務店 ホームページ,350,30,120,unused,2026-07-09,
工務店 開業,600,0,45,unused,2026-07-09,
工務店 SNS集客,100,0,200,unused,2026-07-09,
工務店 差別化,50,0,,unused,2026-07-09,
工務店 倒産,450,0,5,unused,2026-07-09,
中小企業 DX 補助金,100,,70,unused,2026-07-09,
製材,450,0,20,unused,2026-07-09,
製材所,80,1,9,unused,2026-07-09,
木材製品,200,4,45,unused,2026-07-09,
材木屋,150,22,15,unused,2026-07-09,
建設業 集客,150,0,250,unused,2026-07-11,
工務店 webマーケティング,100,0,250,unused,2026-07-11,
小さな工務店 集客,70,0,170,unused,2026-07-11,
ハウスメーカー 集客,30,0,200,unused,2026-07-11,
